entry_id,self_accession,parent_accession
1,JGAP000001,JGAC000001
2,JGAP000001,JGAC000001
3,JGAP000001,JGAC000001
4,JGAP000001,JGAC000001
5,JGAP000001,JGAC000001
6,JGAP000001,JGAC000001
7,JGAP000001,JGAC000001
8,JGAP000001,JGAC000001
9,JGAP000001,JGAC000001
10,JGAP000001,JGAC000001
11,JGAP000001,JGAC000001
12,JGAP000001,JGAC000001
13,JGAP000001,JGAC000001
14,JGAP000001,JGAC000001
15,JGAP000001,JGAC000001
16,JGAP000001,JGAC000001
17,JGAP000001,JGAC000001
18,JGAP000001,JGAC000001
19,JGAP000001,JGAC000001
20,JGAP000001,JGAC000001
21,JGAP000001,JGAC000001
22,JGAP000001,JGAC000001
23,JGAP000001,JGAC000001
24,JGAP000001,JGAC000001
25,JGAP000001,JGAC000001
26,JGAP000001,JGAC000001
27,JGAP000001,JGAC000001
28,JGAP000001,JGAC000001
29,JGAP000004,JGAC000001
30,JGAP000001,JGAC000001
31,JGAP000001,JGAC000001
32,JGAP000001,JGAC000001
52,JGAP000001,JGAC000001
53,JGAP000001,JGAC000001
54,JGAP000001,JGAC000001
55,JGAP000001,JGAC000001
56,JGAP000001,JGAC000001
57,JGAP000001,JGAC000001
58,JGAP000004,JGAC000001
59,JGAP000004,JGAC000001
60,JGAP000001,JGAC000001
61,JGAP000001,JGAC000001
62,JGAP000001,JGAC000001
63,JGAP000001,JGAC000001
64,JGAP000001,JGAC000001
65,JGAP000001,JGAC000001
66,JGAP000001,JGAC000001
67,JGAP000001,JGAC000001
68,JGAP000001,JGAC000001
69,JGAP000006,JGAC000001
70,JGAP000001,JGAC000001
71,JGAP000001,JGAC000001
72,JGAP000006,JGAC000001
73,JGAP000006,JGAC000001
74,JGAP000001,JGAC000001
75,JGAP000001,JGAC000001
76,JGAP000004,JGAC000001
77,JGAP000001,JGAC000001
78,JGAP000001,JGAC000001
81,JGAP000001,JGAC000001
82,JGAP000001,JGAC000001
83,JGAP000001,JGAC000001
84,JGAP000006,JGAC000001
85,JGAP000001,JGAC000001
86,JGAP000001,JGAC000001
87,JGAP000001,JGAC000001
88,JGAP000001,JGAC000001
88,JGAP000004,JGAC000001
89,JGAP000001,JGAC000001
89,JGAP000004,JGAC000001
90,JGAP000001,JGAC000001
90,JGAP000004,JGAC000001
91,JGAP000001,JGAC000001
91,JGAP000004,JGAC000001
92,JGAP000001,JGAC000001
92,JGAP000004,JGAC000001
93,JGAP000001,JGAC000001
93,JGAP000004,JGAC000001
94,JGAP000001,JGAC000001
95,JGAP000001,JGAC000001
95,JGAP000002,JGAC000001
96,JGAP000001,JGAC000001
96,JGAP000003,JGAC000001
97,JGAP000001,JGAC000001
97,JGAP000003,JGAC000001
98,JGAP000001,JGAC000001
98,JGAP000004,JGAC000001
99,JGAP000001,JGAC000001
99,JGAP000003,JGAC000001
100,JGAP000001,JGAC000001
100,JGAP000004,JGAC000001
101,JGAP000001,JGAC000001
102,JGAP000001,JGAC000001
103,JGAP000001,JGAC000001
104,JGAP000001,JGAC000001
105,JGAP000001,JGAC000001
106,JGAP000004,JGAC000001
107,JGAP000004,JGAC000001
108,JGAP000001,JGAC000001
110,JGAP000001,JGAC000001
111,JGAP000001,JGAC000001
113,JGAP000004,JGAC000001
114,JGAP000005,JGAC000001
115,JGAP000001,JGAC000001
117,JGAP000001,JGAC000001
118,JGAP000001,JGAC000001
119,JGAP000001,JGAC000001
119,JGAP000004,JGAC000001
120,JGAP000001,JGAC000001
122,JGAP000005,JGAC000001
124,JGAP000005,JGAC000001
137,JGAP000001,JGAC000001
138,JGAP000001,JGAC000001
139,JGAP000001,JGAC000001
140,JGAP000001,JGAC000001
141,JGAP000004,JGAC000001
142,JGAP000001,JGAC000001
143,JGAP000001,JGAC000001
144,JGAP000001,JGAC000001
145,JGAP000004,JGAC000001
146,JGAP000004,JGAC000001
147,JGAP000001,JGAC000001
150,JGAP000001,JGAC000001
151,JGAP000005,JGAC000001
152,JGAP000005,JGAC000001
153,JGAP000001,JGAC000001
154,JGAP000001,JGAC000001
155,JGAP000001,JGAC000001
156,JGAP000001,JGAC000001
157,JGAP000001,JGAC000001
159,JGAP000001,JGAC000001
160,JGAP000001,JGAC000001
161,JGAP000001,JGAC000001
162,JGAP000001,JGAC000001
163,JGAP000001,JGAC000001
164,JGAP000004,JGAC000001
165,JGAP000004,JGAC000001
166,JGAP000004,JGAC000001
167,JGAP000004,JGAC000001
168,JGAP000004,JGAC000001
169,JGAP000001,JGAC000001
171,JGAP000001,JGAC000001
172,JGAP000001,JGAC000001
173,JGAP000004,JGAC000001
174,JGAP000001,JGAC000001
175,JGAP000001,JGAC000001
176,JGAP000001,JGAC000001
177,JGAP000004,JGAC000001
178,JGAP000001,JGAC000001
179,JGAP000006,JGAC000001
180,JGAP000009,JGAC000001
181,JGAP000006,JGAC000001
182,JGAP000001,JGAC000001
182,JGAP000004,JGAC000001
183,JGAP000004,JGAC000001
184,JGAP000001,JGAC000001
185,JGAP000001,JGAC000001
186,JGAP000001,JGAC000001
186,JGAP000004,JGAC000001
187,JGAP000001,JGAC000001
188,JGAP000001,JGAC000001
189,JGAP000004,JGAC000001
190,JGAP000004,JGAC000001
191,JGAP000004,JGAC000001
192,JGAP000001,JGAC000001
193,JGAP000001,JGAC000001
193,JGAP000004,JGAC000001
194,JGAP000001,JGAC000001
195,JGAP000001,JGAC000001
196,JGAP000003,JGAC000001
197,JGAP000004,JGAC000001
198,JGAP000004,JGAC000001
199,JGAP000001,JGAC000001
200,JGAP000001,JGAC000001
201,JGAP000004,JGAC000001
202,JGAP000001,JGAC000001
202,JGAP000008,JGAC000001
203,JGAP000001,JGAC000001
204,JGAP000001,JGAC000001
205,JGAP000001,JGAC000001
206,JGAP000001,JGAC000001
207,JGAP000007,JGAC000001
208,JGAP000001,JGAC000001
209,JGAP000001,JGAC000001
210,JGAP000001,JGAC000001
211,JGAP000001,JGAC000001
212,JGAP000001,JGAC000001
213,JGAP000001,JGAC000001
216,JGAP000001,JGAC000001
218,JGAP000004,JGAC000001
220,JGAP000001,JGAC000001
220,JGAP000003,JGAC000001
221,JGAP000004,JGAC000001
222,JGAP000004,JGAC000001
223,JGAP000003,JGAC000001
224,JGAP000001,JGAC000001
225,JGAP000001,JGAC000001
226,JGAP000001,JGAC000001
227,JGAP000001,JGAC000001
228,JGAP000001,JGAC000001
229,JGAP000001,JGAC000001
230,JGAP000001,JGAC000001
231,JGAP000003,JGAC000001
232,JGAP000003,JGAC000001
233,JGAP000001,JGAC000001
233,JGAP000003,JGAC000001
234,JGAP000001,JGAC000001
234,JGAP000003,JGAC000001
235,JGAP000001,JGAC000001
236,JGAP000001,JGAC000001
237,JGAP000001,JGAC000001
238,JGAP000001,JGAC000001
239,JGAP000001,JGAC000001
240,JGAP000001,JGAC000001
241,JGAP000004,JGAC000001
242,JGAP000001,JGAC000001
243,JGAP000001,JGAC000001
244,JGAP000003,JGAC000001
245,JGAP000001,JGAC000001
246,JGAP000001,JGAC000001
247,JGAP000001,JGAC000001
248,JGAP000001,JGAC000001
249,JGAP000004,JGAC000001
250,JGAP000004,JGAC000001
251,JGAP000004,JGAC000001
252,JGAP000004,JGAC000001
253,JGAP000001,JGAC000001
254,JGAP000001,JGAC000001
255,JGAP000001,JGAC000001
256,JGAP000001,JGAC000001
257,JGAP000001,JGAC000001
258,JGAP000001,JGAC000001
258,JGAP000003,JGAC000001
259,JGAP000004,JGAC000001
260,JGAP000004,JGAC000001
263,JGAP000001,JGAC000001
264,JGAP000001,JGAC000001
265,JGAP000001,JGAC000001
265,JGAP000003,JGAC000001
266,JGAP000001,JGAC000001
266,JGAP000003,JGAC000001
267,JGAP000001,JGAC000001
268,JGAP000001,JGAC000001
269,JGAP000001,JGAC000001
270,JGAP000001,JGAC000001
271,JGAP000001,JGAC000001
272,JGAP000009,JGAC000001
273,JGAP000001,JGAC000001
274,JGAP000001,JGAC000001
276,JGAP000001,JGAC000001
277,JGAP000001,JGAC000001
278,JGAP000001,JGAC000001
279,JGAP000001,JGAC000001
280,JGAP000001,JGAC000001
281,JGAP000001,JGAC000001
282,JGAP000001,JGAC000001
283,JGAP000001,JGAC000001
284,JGAP000001,JGAC000001
285,JGAP000001,JGAC000001
286,JGAP000001,JGAC000001
287,JGAP000001,JGAC000001
288,JGAP000001,JGAC000001
289,JGAP000001,JGAC000001
290,JGAP000001,JGAC000001
291,JGAP000001,JGAC000001
292,JGAP000001,JGAC000001
293,JGAP000001,JGAC000001
294,JGAP000001,JGAC000001
295,JGAP000004,JGAC000001
296,JGAP000001,JGAC000001
297,JGAP000001,JGAC000001
298,JGAP000001,JGAC000001
299,JGAP000001,JGAC000001
300,JGAP000001,JGAC000001
301,JGAP000001,JGAC000001
302,JGAP000001,JGAC000001
303,JGAP000001,JGAC000001
304,JGAP000008,JGAC000001
305,JGAP000001,JGAC000001
307,JGAP000001,JGAC000001
307,JGAP000008,JGAC000001
308,JGAP000001,JGAC000001
309,JGAP000001,JGAC000001
310,JGAP000001,JGAC000001
311,JGAP000001,JGAC000001
312,JGAP000001,JGAC000001
313,JGAP000001,JGAC000001
314,JGAP000001,JGAC000001
315,JGAP000001,JGAC000001
316,JGAP000001,JGAC000001
317,JGAP000001,JGAC000001
318,JGAP000001,JGAC000001
319,JGAP000001,JGAC000001
320,JGAP000001,JGAC000001
321,JGAP000001,JGAC000001
322,JGAP000001,JGAC000001
323,JGAP000001,JGAC000001
324,JGAP000001,JGAC000001
325,JGAP000001,JGAC000001
325,JGAP000003,JGAC000001
326,JGAP000001,JGAC000001
327,JGAP000001,JGAC000001
328,JGAP000001,JGAC000001
330,JGAP000001,JGAC000001
331,JGAP000001,JGAC000001
332,JGAP000003,JGAC000001
333,JGAP000001,JGAC000001
334,JGAP000001,JGAC000001
335,JGAP000001,JGAC000001
336,JGAP000001,JGAC000001
337,JGAP000001,JGAC000001
338,JGAP000001,JGAC000001
339,JGAP000001,JGAC000001
340,JGAP000001,JGAC000001
341,JGAP000001,JGAC000001
342,JGAP000001,JGAC000001
343,JGAP000001,JGAC000001
344,JGAP000001,JGAC000001
345,JGAP000001,JGAC000001
345,JGAP000003,JGAC000001
346,JGAP000001,JGAC000001
346,JGAP000003,JGAC000001
347,JGAP000001,JGAC000001
347,JGAP000003,JGAC000001
348,JGAP000001,JGAC000001
348,JGAP000003,JGAC000001
349,JGAP000001,JGAC000001
350,JGAP000001,JGAC000001
351,JGAP000001,JGAC000001
352,JGAP000001,JGAC000001
353,JGAP000001,JGAC000001
354,JGAP000001,JGAC000001
355,JGAP000001,JGAC000001
356,JGAP000001,JGAC000001
357,JGAP000001,JGAC000001
358,JGAP000001,JGAC000001
359,JGAP000001,JGAC000001
360,JGAP000001,JGAC000001
361,JGAP000001,JGAC000001
362,JGAP000001,JGAC000001
363,JGAP000001,JGAC000001
364,JGAP000001,JGAC000001
365,JGAP000001,JGAC000001
366,JGAP000006,JGAC000001
367,JGAP000001,JGAC000001
368,JGAP000001,JGAC000001
371,JGAP000001,JGAC000001
374,JGAP000001,JGAC000001
375,JGAP000008,JGAC000001
376,JGAP000001,JGAC000001
377,JGAP000001,JGAC000001
378,JGAP000001,JGAC000001
379,JGAP000001,JGAC000001
380,JGAP000001,JGAC000001
381,JGAP000001,JGAC000001
382,JGAP000001,JGAC000001
383,JGAP000001,JGAC000001
384,JGAP000001,JGAC000001
385,JGAP000001,JGAC000001
386,JGAP000001,JGAC000001
387,JGAP000001,JGAC000001
388,JGAP000001,JGAC000001
389,JGAP000001,JGAC000001
390,JGAP000001,JGAC000001
391,JGAP000001,JGAC000001
392,JGAP000001,JGAC000001
393,JGAP000001,JGAC000001
394,JGAP000001,JGAC000001
395,JGAP000001,JGAC000001
396,JGAP000001,JGAC000001
398,JGAP000001,JGAC000001
399,JGAP000001,JGAC000001
400,JGAP000001,JGAC000001
401,JGAP000001,JGAC000001
402,JGAP000001,JGAC000001
403,JGAP000001,JGAC000001
404,JGAP000001,JGAC000001
405,JGAP000001,JGAC000001
406,JGAP000001,JGAC000001
407,JGAP000001,JGAC000001
408,JGAP000001,JGAC000001
409,JGAP000001,JGAC000001
410,JGAP000001,JGAC000001
411,JGAP000001,JGAC000001
412,JGAP000001,JGAC000001
413,JGAP000001,JGAC000001
414,JGAP000001,JGAC000001
415,JGAP000001,JGAC000001
416,JGAP000001,JGAC000001
417,JGAP000001,JGAC000001
419,JGAP000001,JGAC000001
420,JGAP000001,JGAC000001
421,JGAP000001,JGAC000001
422,JGAP000001,JGAC000001
425,JGAP000001,JGAC000001
426,JGAP000001,JGAC000001
427,JGAP000001,JGAC000001
428,JGAP000001,JGAC000001
429,JGAP000001,JGAC000001
430,JGAP000001,JGAC000001
431,JGAP000001,JGAC000001
432,JGAP000001,JGAC000001
433,JGAP000001,JGAC000001
434,JGAP000001,JGAC000001
435,JGAP000003,JGAC000001
436,JGAP000001,JGAC000001
437,JGAP000001,JGAC000001
438,JGAP000003,JGAC000001
439,JGAP000001,JGAC000001
440,JGAP000001,JGAC000001
441,JGAP000001,JGAC000001
442,JGAP000001,JGAC000001
443,JGAP000001,JGAC000001
445,JGAP000001,JGAC000001
446,JGAP000001,JGAC000001
447,JGAP000001,JGAC000001
448,JGAP000001,JGAC000001
449,JGAP000001,JGAC000001
450,JGAP000001,JGAC000001
451,JGAP000001,JGAC000001
452,JGAP000001,JGAC000001
453,JGAP000001,JGAC000001
454,JGAP000001,JGAC000001
456,JGAP000001,JGAC000001
458,JGAP000001,JGAC000001
459,JGAP000001,JGAC000001
460,JGAP000001,JGAC000001
461,JGAP000001,JGAC000001
462,JGAP000001,JGAC000001
463,JGAP000004,JGAC000001
464,JGAP000004,JGAC000001
465,JGAP000001,JGAC000001
466,JGAP000001,JGAC000001
467,JGAP000001,JGAC000001
468,JGAP000001,JGAC000001
469,JGAP000001,JGAC000001
472,JGAP000001,JGAC000001
473,JGAP000001,JGAC000001
474,JGAP000001,JGAC000001
475,JGAP000001,JGAC000001
476,JGAP000001,JGAC000001
477,JGAP000001,JGAC000001
478,JGAP000001,JGAC000001
479,JGAP000001,JGAC000001
480,JGAP000001,JGAC000001
481,JGAP000001,JGAC000001
482,JGAP000001,JGAC000001
483,JGAP000001,JGAC000001
484,JGAP000001,JGAC000001
485,JGAP000001,JGAC000001
486,JGAP000001,JGAC000001
487,JGAP000001,JGAC000001
489,JGAP000001,JGAC000001
490,JGAP000012,JGAC000001
492,JGAP000001,JGAC000001
493,JGAP000001,JGAC000001
494,JGAP000001,JGAC000001
495,JGAP000001,JGAC000001
496,JGAP000001,JGAC000001
497,JGAP000001,JGAC000001
498,JGAP000001,JGAC000001
499,JGAP000001,JGAC000001
500,JGAP000006,JGAC000001
501,JGAP000001,JGAC000001
502,JGAP000001,JGAC000001
503,JGAP000001,JGAC000001
504,JGAP000001,JGAC000001
505,JGAP000001,JGAC000001
506,JGAP000001,JGAC000001
507,JGAP000001,JGAC000001
508,JGAP000001,JGAC000001
509,JGAP000001,JGAC000001
511,JGAP000001,JGAC000001
512,JGAP000001,JGAC000001
513,JGAP000001,JGAC000001
514,JGAP000001,JGAC000001
515,JGAP000001,JGAC000001
516,JGAP000001,JGAC000001
517,JGAP000001,JGAC000001
518,JGAP000001,JGAC000001
519,JGAP000011,JGAC000001
520,JGAP000001,JGAC000001
521,JGAP000001,JGAC000001
522,JGAP000001,JGAC000001
522,JGAP000003,JGAC000001
523,JGAP000001,JGAC000001
524,JGAP000001,JGAC000001
525,JGAP000001,JGAC000001
526,JGAP000001,JGAC000001
527,JGAP000001,JGAC000001
528,JGAP000001,JGAC000001
529,JGAP000001,JGAC000001
530,JGAP000001,JGAC000001
531,JGAP000001,JGAC000001
533,JGAP000001,JGAC000001
534,JGAP000001,JGAC000001
535,JGAP000001,JGAC000001
536,JGAP000001,JGAC000001
539,JGAP000001,JGAC000001
540,JGAP000001,JGAC000001
541,JGAP000011,JGAC000001
542,JGAP000001,JGAC000001
544,JGAP000001,JGAC000001
545,JGAP000001,JGAC000001
546,JGAP000001,JGAC000001
547,JGAP000003,JGAC000001
548,JGAP000001,JGAC000001
549,JGAP000001,JGAC000001
550,JGAP000001,JGAC000001
551,JGAP000001,JGAC000001
552,JGAP000001,JGAC000001
698,JGAP000001,JGAC000001
698,JGAP000002,JGAC000001
699,JGAP000001,JGAC000001
700,JGAP000001,JGAC000001
701,JGAP000001,JGAC000001
702,JGAP000001,JGAC000001
703,JGAP000001,JGAC000001
704,JGAP000001,JGAC000001
704,JGAP000004,JGAC000001
705,JGAP000001,JGAC000001
706,JGAP000001,JGAC000001
707,JGAP000001,JGAC000001
707,JGAP000002,JGAC000001
708,JGAP000001,JGAC000001
709,JGAP000001,JGAC000001
710,JGAP000001,JGAC000001
711,JGAP000001,JGAC000001
712,JGAP000007,JGAC000001
713,JGAP000001,JGAC000001
714,JGAP000001,JGAC000001
715,JGAP000001,JGAC000001
715,JGAP000004,JGAC000001
716,JGAP000001,JGAC000001
717,JGAP000001,JGAC000001
719,JGAP000001,JGAC000001
719,JGAP000003,JGAC000001
720,JGAP000001,JGAC000001
721,JGAP000001,JGAC000001
721,JGAP000004,JGAC000001
722,JGAP000001,JGAC000001
722,JGAP000004,JGAC000001
723,JGAP000001,JGAC000001
724,JGAP000001,JGAC000001
725,JGAP000001,JGAC000001
726,JGAP000001,JGAC000001
727,JGAP000004,JGAC000001
728,JGAP000001,JGAC000001
729,JGAP000001,JGAC000001
730,JGAP000001,JGAC000001
731,JGAP000001,JGAC000001
732,JGAP000006,JGAC000001
733,JGAP000001,JGAC000001
734,JGAP000001,JGAC000001
734,JGAP000004,JGAC000001
735,JGAP000001,JGAC000001
737,JGAP000001,JGAC000001
738,JGAP000001,JGAC000001
739,JGAP000004,JGAC000001
740,JGAP000001,JGAC000001
741,JGAP000001,JGAC000001
742,JGAP000001,JGAC000001
743,JGAP000001,JGAC000001
744,JGAP000001,JGAC000001
746,JGAP000006,JGAC000001
747,JGAP000001,JGAC000001
748,JGAP000001,JGAC000001
750,JGAP000001,JGAC000001
751,JGAP000001,JGAC000001
752,JGAP000001,JGAC000001
753,JGAP000001,JGAC000001
754,JGAP000001,JGAC000001
755,JGAP000001,JGAC000001
756,JGAP000001,JGAC000001
756,JGAP000004,JGAC000001
757,JGAP000001,JGAC000001
757,JGAP000003,JGAC000001
758,JGAP000005,JGAC000001
759,JGAP000001,JGAC000001
760,JGAP000006,JGAC000001
761,JGAP000001,JGAC000001
761,JGAP000004,JGAC000001
762,JGAP000001,JGAC000001
762,JGAP000004,JGAC000001
763,JGAP000001,JGAC000001
765,JGAP000001,JGAC000001
766,JGAP000004,JGAC000001
767,JGAP000001,JGAC000001
768,JGAP000004,JGAC000001
769,JGAP000001,JGAC000001
770,JGAP000001,JGAC000001
771,JGAP000001,JGAC000001
772,JGAP000001,JGAC000001
773,JGAP000001,JGAC000001
774,JGAP000004,JGAC000001
775,JGAP000001,JGAC000001
776,JGAP000004,JGAC000001
777,JGAP000001,JGAC000001
778,JGAP000001,JGAC000001
779,JGAP000001,JGAC000001
780,JGAP000001,JGAC000001
781,JGAP000001,JGAC000001
782,JGAP000004,JGAC000001
783,JGAP000004,JGAC000001
784,JGAP000004,JGAC000001
785,JGAP000001,JGAC000001
786,JGAP000001,JGAC000001
787,JGAP000004,JGAC000001
788,JGAP000001,JGAC000001
789,JGAP000001,JGAC000001
789,JGAP000008,JGAC000001
790,JGAP000001,JGAC000001
791,JGAP000004,JGAC000001
792,JGAP000001,JGAC000001
793,JGAP000003,JGAC000001
794,JGAP000001,JGAC000001
795,JGAP000006,JGAC000001
796,JGAP000001,JGAC000001
797,JGAP000001,JGAC000001
798,JGAP000001,JGAC000001
799,JGAP000009,JGAC000001
800,JGAP000001,JGAC000001
801,JGAP000004,JGAC000001
802,JGAP000001,JGAC000001
803,JGAP000001,JGAC000001
804,JGAP000003,JGAC000001
805,JGAP000001,JGAC000001
806,JGAP000001,JGAC000001
807,JGAP000001,JGAC000001
808,JGAP000001,JGAC000001
809,JGAP000001,JGAC000001
810,JGAP000001,JGAC000001
811,JGAP000001,JGAC000001
812,JGAP000001,JGAC000001
813,JGAP000001,JGAC000001
814,JGAP000001,JGAC000001
815,JGAP000001,JGAC000001
816,JGAP000001,JGAC000001
817,JGAP000008,JGAC000001
818,JGAP000001,JGAC000001
819,JGAP000001,JGAC000001
820,JGAP000001,JGAC000001
821,JGAP000001,JGAC000001
822,JGAP000001,JGAC000001
823,JGAP000001,JGAC000001
824,JGAP000001,JGAC000001
825,JGAP000001,JGAC000001
826,JGAP000001,JGAC000001
827,JGAP000001,JGAC000001
828,JGAP000001,JGAC000001
829,JGAP000001,JGAC000001
830,JGAP000001,JGAC000001
830,JGAP000003,JGAC000001
831,JGAP000004,JGAC000001
832,JGAP000001,JGAC000001
832,JGAP000003,JGAC000001
833,JGAP000001,JGAC000001
834,JGAP000001,JGAC000001
835,JGAP000001,JGAC000001
836,JGAP000001,JGAC000001
837,JGAP000001,JGAC000001
838,JGAP000001,JGAC000001
839,JGAP000004,JGAC000001
840,JGAP000001,JGAC000001
841,JGAP000001,JGAC000001
842,JGAP000001,JGAC000001
843,JGAP000001,JGAC000001
844,JGAP000001,JGAC000001
845,JGAP000001,JGAC000001
846,JGAP000001,JGAC000001
847,JGAP000001,JGAC000001
848,JGAP000003,JGAC000001
849,JGAP000001,JGAC000001
850,JGAP000001,JGAC000001
851,JGAP000001,JGAC000001
852,JGAP000001,JGAC000001
853,JGAP000001,JGAC000001
854,JGAP000001,JGAC000001
855,JGAP000001,JGAC000001
856,JGAP000001,JGAC000001
857,JGAP000001,JGAC000001
858,JGAP000001,JGAC000001
859,JGAP000001,JGAC000001
860,JGAP000001,JGAC000001
861,JGAP000001,JGAC000001
862,JGAP000001,JGAC000001
863,JGAP000001,JGAC000001
864,JGAP000001,JGAC000001
865,JGAP000001,JGAC000001
866,JGAP000001,JGAC000001
866,JGAP000003,JGAC000001
867,JGAP000001,JGAC000001
868,JGAP000001,JGAC000001
869,JGAP000001,JGAC000001
870,JGAP000001,JGAC000001
871,JGAP000001,JGAC000001
872,JGAP000001,JGAC000001
873,JGAP000001,JGAC000001
874,JGAP000001,JGAC000001
875,JGAP000001,JGAC000001
876,JGAP000001,JGAC000001
877,JGAP000001,JGAC000001
878,JGAP000001,JGAC000001
879,JGAP000001,JGAC000001
880,JGAP000001,JGAC000001
881,JGAP000003,JGAC000001
882,JGAP000001,JGAC000001
883,JGAP000001,JGAC000001
883,JGAP000003,JGAC000001
884,JGAP000001,JGAC000001
885,JGAP000001,JGAC000001
886,JGAP000001,JGAC000001
887,JGAP000001,JGAC000001
888,JGAP000001,JGAC000001
889,JGAP000006,JGAC000001
890,JGAP000001,JGAC000001
891,JGAP000001,JGAC000001
892,JGAP000001,JGAC000001
893,JGAP000001,JGAC000001
894,JGAP000001,JGAC000001
895,JGAP000001,JGAC000001
896,JGAP000001,JGAC000001
897,JGAP000001,JGAC000001
898,JGAP000001,JGAC000001
899,JGAP000001,JGAC000001
900,JGAP000001,JGAC000001
901,JGAP000001,JGAC000001
902,JGAP000001,JGAC000001
903,JGAP000001,JGAC000001
904,JGAP000001,JGAC000001
905,JGAP000001,JGAC000001
906,JGAP000001,JGAC000001
907,JGAP000001,JGAC000001
908,JGAP000001,JGAC000001
909,JGAP000001,JGAC000001
910,JGAP000001,JGAC000001
911,JGAP000001,JGAC000001
912,JGAP000001,JGAC000001
913,JGAP000001,JGAC000001
914,JGAP000001,JGAC000001
915,JGAP000001,JGAC000001
916,JGAP000001,JGAC000001
917,JGAP000001,JGAC000001
917,JGAP000003,JGAC000001
918,JGAP000001,JGAC000001
919,JGAP000001,JGAC000001
920,JGAP000001,JGAC000001
921,JGAP000001,JGAC000001
922,JGAP000012,JGAC000001
923,JGAP000001,JGAC000001
924,JGAP000001,JGAC000001
925,JGAP000003,JGAC000001
926,JGAP000001,JGAC000001
927,JGAP000001,JGAC000001
928,JGAP000001,JGAC000001
929,JGAP000001,JGAC000001
930,JGAP000001,JGAC000001
931,JGAP000001,JGAC000001
932,JGAP000001,JGAC000001
933,JGAP000001,JGAC000001
934,JGAP000001,JGAC000001
935,JGAP000001,JGAC000001
936,JGAP000001,JGAC000001
936,JGAP000002,JGAC000001
937,JGAP000001,JGAC000001
938,JGAP000001,JGAC000001
939,JGAP000001,JGAC000001
940,JGAP000011,JGAC000001
941,JGAP000001,JGAC000001
942,JGAP000001,JGAC000001
943,JGAP000001,JGAC000001
944,JGAP000001,JGAC000001
945,JGAP000001,JGAC000001
946,JGAP000001,JGAC000001
947,JGAP000001,JGAC000001
948,JGAP000001,JGAC000001
950,JGAP000001,JGAC000001
951,JGAP000001,JGAC000001
952,JGAP000001,JGAC000001
953,JGAP000001,JGAC000001
954,JGAP000001,JGAC000001
955,JGAP000001,JGAC000001
956,JGAP000001,JGAC000001
957,JGAP000001,JGAC000001
958,JGAP000001,JGAC000001
959,JGAP000011,JGAC000001
960,JGAP000011,JGAC000001
962,JGAP000011,JGAC000001
963,JGAP000011,JGAC000001
970,JGAP000001,JGAC000001
971,JGAP000001,JGAC000001
978,JGAP000001,JGAC000001
979,JGAP000001,JGAC000001
980,JGAP000004,JGAC000001
981,JGAP000001,JGAC000001
982,JGAP000001,JGAC000001
983,JGAP000003,JGAC000001
984,JGAP000001,JGAC000001
985,JGAP000004,JGAC000001
986,JGAP000001,JGAC000001
987,JGAP000001,JGAC000001
988,JGAP000001,JGAC000001
989,JGAP000001,JGAC000001
990,JGAP000001,JGAC000001
990,JGAP000008,JGAC000001
991,JGAP000001,JGAC000001
992,JGAP000001,JGAC000001
993,JGAP000001,JGAC000001
994,JGAP000004,JGAC000001
995,JGAP000001,JGAC000001
996,JGAP000004,JGAC000001
997,JGAP000001,JGAC000001
998,JGAP000001,JGAC000001
998,JGAP000002,JGAC000001
999,JGAP000001,JGAC000001
1000,JGAP000004,JGAC000001
1001,JGAP000001,JGAC000001
1002,JGAP000001,JGAC000001
1003,JGAP000001,JGAC000001
1004,JGAP000001,JGAC000001
1005,JGAP000001,JGAC000001
1006,JGAP000001,JGAC000001
1006,JGAP000004,JGAC000001
1007,JGAP000001,JGAC000001
1009,JGAP000001,JGAC000001
1009,JGAP000004,JGAC000001
1011,JGAP000001,JGAC000001
1011,JGAP000004,JGAC000001
1012,JGAP000001,JGAC000001
1013,JGAP000001,JGAC000001
1013,JGAP000004,JGAC000001
1014,JGAP000001,JGAC000001
1015,JGAP000001,JGAC000001
1016,JGAP000001,JGAC000001
1017,JGAP000001,JGAC000001
1018,JGAP000005,JGAC000001
1019,JGAP000001,JGAC000001
1020,JGAP000001,JGAC000001
1020,JGAP000003,JGAC000001
1022,JGAP000001,JGAC000001
1023,JGAP000001,JGAC000001
1024,JGAP000001,JGAC000001
1024,JGAP000004,JGAC000001
1025,JGAP000001,JGAC000001
1028,JGAP000001,JGAC000001
1028,JGAP000003,JGAC000001
1029,JGAP000001,JGAC000001
1029,JGAP000004,JGAC000001
1030,JGAP000001,JGAC000001
1031,JGAP000001,JGAC000001
1032,JGAP000004,JGAC000001
1033,JGAP000001,JGAC000001
1034,JGAP000001,JGAC000001
1035,JGAP000001,JGAC000001
1036,JGAP000001,JGAC000001
1037,JGAP000001,JGAC000001
1038,JGAP000001,JGAC000001
1039,JGAP000001,JGAC000001
1040,JGAP000001,JGAC000001
1041,JGAP000001,JGAC000001
1041,JGAP000004,JGAC000001
1042,JGAP000001,JGAC000001
1043,JGAP000001,JGAC000001
1044,JGAP000001,JGAC000001
1045,JGAP000001,JGAC000001
1046,JGAP000001,JGAC000001
1047,JGAP000004,JGAC000001
1048,JGAP000001,JGAC000001
1049,JGAP000001,JGAC000001
1050,JGAP000001,JGAC000001
1051,JGAP000001,JGAC000001
1052,JGAP000001,JGAC000001
1053,JGAP000004,JGAC000001
1054,JGAP000001,JGAC000001
1055,JGAP000004,JGAC000001
1056,JGAP000004,JGAC000001
1057,JGAP000001,JGAC000001
1058,JGAP000001,JGAC000001
1059,JGAP000001,JGAC000001
1060,JGAP000001,JGAC000001
1061,JGAP000001,JGAC000001
1062,JGAP000001,JGAC000001
1063,JGAP000001,JGAC000001
1064,JGAP000001,JGAC000001
1065,JGAP000001,JGAC000001
1066,JGAP000001,JGAC000001
1067,JGAP000001,JGAC000001
1068,JGAP000001,JGAC000001
1069,JGAP000001,JGAC000001
1070,JGAP000001,JGAC000001
1071,JGAP000001,JGAC000001
1072,JGAP000001,JGAC000001
1073,JGAP000001,JGAC000001
1074,JGAP000001,JGAC000001
1075,JGAP000001,JGAC000001
1076,JGAP000001,JGAC000001
1077,JGAP000001,JGAC000001
1078,JGAP000001,JGAC000001
1079,JGAP000001,JGAC000001
1080,JGAP000001,JGAC000001
1081,JGAP000001,JGAC000001
1082,JGAP000001,JGAC000001
1083,JGAP000001,JGAC000001
1083,JGAP000003,JGAC000001
1084,JGAP000001,JGAC000001
1085,JGAP000001,JGAC000001
1086,JGAP000001,JGAC000001
1087,JGAP000001,JGAC000001
1088,JGAP000001,JGAC000001
1089,JGAP000004,JGAC000001
1090,JGAP000008,JGAC000001
1091,JGAP000001,JGAC000001
1092,JGAP000004,JGAC000001
1093,JGAP000001,JGAC000001
1094,JGAP000001,JGAC000001
1095,JGAP000001,JGAC000001
1096,JGAP000009,JGAC000001
1097,JGAP000001,JGAC000001
1098,JGAP000001,JGAC000001
1099,JGAP000001,JGAC000001
1100,JGAP000001,JGAC000001
1101,JGAP000004,JGAC000001
1102,JGAP000001,JGAC000001
1103,JGAP000001,JGAC000001
1104,JGAP000001,JGAC000001
1105,JGAP000001,JGAC000001
1106,JGAP000001,JGAC000001
1107,JGAP000001,JGAC000001
1108,JGAP000001,JGAC000001
1109,JGAP000001,JGAC000001
1110,JGAP000001,JGAC000001
1111,JGAP000001,JGAC000001
1112,JGAP000001,JGAC000001
1113,JGAP000001,JGAC000001
1114,JGAP000001,JGAC000001
1115,JGAP000001,JGAC000001
1116,JGAP000001,JGAC000001
1117,JGAP000001,JGAC000001
1118,JGAP000001,JGAC000001
1118,JGAP000003,JGAC000001
1119,JGAP000001,JGAC000001
1120,JGAP000012,JGAC000001
1121,JGAP000001,JGAC000001
1122,JGAP000001,JGAC000001
1123,JGAP000001,JGAC000001
1124,JGAP000001,JGAC000001
1125,JGAP000001,JGAC000001
1126,JGAP000001,JGAC000001
1127,JGAP000001,JGAC000001
1128,JGAP000001,JGAC000001
1129,JGAP000001,JGAC000001
1130,JGAP000001,JGAC000001
1131,JGAP000001,JGAC000001
1132,JGAP000001,JGAC000001
1133,JGAP000001,JGAC000001
1134,JGAP000011,JGAC000001
1135,JGAP000011,JGAC000001
1136,JGAP000001,JGAC000001
1137,JGAP000001,JGAC000001
1138,JGAP000001,JGAC000001
1139,JGAP000001,JGAC000001
1140,JGAP000001,JGAC000001
1141,JGAP000001,JGAC000001
1143,JGAP000001,JGAC000001
1143,JGAP000003,JGAC000001
1144,JGAP000001,JGAC000001
1145,JGAP000001,JGAC000001
1147,JGAP000001,JGAC000001
1149,JGAP000001,JGAC000001
1150,JGAP000001,JGAC000001
1153,JGAP000001,JGAC000001
1154,JGAP000001,JGAC000001
1161,JGAP000001,JGAC000001
1162,JGAP000001,JGAC000001
1163,JGAP000001,JGAC000001
1164,JGAP000001,JGAC000001
1165,JGAP000001,JGAC000001
1166,JGAP000001,JGAC000001
1167,JGAP000001,JGAC000001
1168,JGAP000001,JGAC000001
1171,JGAP000001,JGAC000001
1172,JGAP000001,JGAC000001
1174,JGAP000001,JGAC000001
1175,JGAP000001,JGAC000001
1176,JGAP000001,JGAC000001
1178,JGAP000001,JGAC000001
1179,JGAP000003,JGAC000001
1180,JGAP000001,JGAC000001
1181,JGAP000001,JGAC000001
1182,JGAP000001,JGAC000001
1183,JGAP000001,JGAC000001
1184,JGAP000001,JGAC000001
1185,JGAP000001,JGAC000001
1186,JGAP000001,JGAC000001
1187,JGAP000001,JGAC000001
1188,JGAP000001,JGAC000001
1189,JGAP000001,JGAC000001
1190,JGAP000001,JGAC000001
1191,JGAP000001,JGAC000001
1192,JGAP000001,JGAC000001
1193,JGAP000001,JGAC000001
1194,JGAP000001,JGAC000001
1195,JGAP000003,JGAC000001
1196,JGAP000001,JGAC000001
1197,JGAP000001,JGAC000001
1198,JGAP000001,JGAC000001
1199,JGAP000001,JGAC000001
1200,JGAP000001,JGAC000001
1206,JGAP000001,JGAC000001
1207,JGAP000001,JGAC000001
1209,JGAP000001,JGAC000001
1210,JGAP000001,JGAC000001
1211,JGAP000001,JGAC000001
1212,JGAP000001,JGAC000001
1213,JGAP000001,JGAC000001
1214,JGAP000001,JGAC000001
1215,JGAP000001,JGAC000001
1216,JGAP000001,JGAC000001
1217,JGAP000001,JGAC000001
1218,JGAP000001,JGAC000001
1219,JGAP000001,JGAC000001
1220,JGAP000001,JGAC000001
1221,JGAP000001,JGAC000001
1222,JGAP000001,JGAC000001
1223,JGAP000001,JGAC000001
1224,JGAP000001,JGAC000001
1225,JGAP000001,JGAC000001
1226,JGAP000001,JGAC000001
1227,JGAP000001,JGAC000001
1228,JGAP000001,JGAC000001
1229,JGAP000001,JGAC000001
1230,JGAP000001,JGAC000001
1231,JGAP000001,JGAC000001
1232,JGAP000001,JGAC000001
1233,JGAP000001,JGAC000001
1234,JGAP000001,JGAC000001
1235,JGAP000001,JGAC000001
1236,JGAP000001,JGAC000001
1237,JGAP000001,JGAC000001
1239,JGAP000001,JGAC000001
1240,JGAP000001,JGAC000001
1241,JGAP000001,JGAC000001
1242,JGAP000001,JGAC000001
1243,JGAP000001,JGAC000001
1245,JGAP000001,JGAC000001
1246,JGAP000001,JGAC000001
1247,JGAP000001,JGAC000001
1248,JGAP000001,JGAC000001
1249,JGAP000001,JGAC000001
1250,JGAP000001,JGAC000001
1251,JGAP000001,JGAC000001
1252,JGAP000001,JGAC000001
1253,JGAP000001,JGAC000001
1254,JGAP000001,JGAC000001
1255,JGAP000001,JGAC000001
1257,JGAP000001,JGAC000001
1261,JGAP000001,JGAC000001
1262,JGAP000001,JGAC000001
1264,JGAP000001,JGAC000001
1269,JGAP000001,JGAC000001
1270,JGAP000001,JGAC000001
1272,JGAP000001,JGAC000001
1273,JGAP000001,JGAC000001
1274,JGAP000001,JGAC000001
1275,JGAP000001,JGAC000001
1276,JGAP000001,JGAC000001
1277,JGAP000001,JGAC000001
1278,JGAP000001,JGAC000001
1280,JGAP000001,JGAC000001
1281,JGAP000001,JGAC000001
1282,JGAP000001,JGAC000001
1283,JGAP000001,JGAC000001
1284,JGAP000001,JGAC000001
1285,JGAP000001,JGAC000001
1287,JGAP000001,JGAC000001
1290,JGAP000001,JGAC000001
1291,JGAP000001,JGAC000001
1292,JGAP000001,JGAC000001
1293,JGAP000001,JGAC000001
1294,JGAP000001,JGAC000001
1295,JGAP000001,JGAC000001
1296,JGAP000001,JGAC000001
1297,JGAP000001,JGAC000001
1298,JGAP000001,JGAC000001
1299,JGAP000001,JGAC000001
